title,main_info1,main_info2,main_info3
Зеленая миля,"The Green Mile, 1999, 189 мин.",США • драма  Режиссёр: Фрэнк Дарабонт,"В ролях: Том Хэнкс, Дэвид Морс"
Побег из Шоушенка,"The Shawshank Redemption, 1994, 142 мин.",США • драма  Режиссёр: Фрэнк Дарабонт,"В ролях: Тим Роббинс, Морган Фриман"
Форрест Гамп,"Forrest Gump, 1994, 142 мин.",США • драма  Режиссёр: Роберт Земекис,"В ролях: Том Хэнкс, Робин Райт"
1+1,"Intouchables, 2011, 112 мин.",Франция • драма  Режиссёр: Оливье Накаш,"В ролях: Франсуа Клюзе, Омар Си"
Список Шиндлера,"Schindler's List, 1993, 195 мин.",США • драма  Режиссёр: Стивен Спилберг,"В ролях: Лиам Нисон, Бен Кингсли"
Интерстеллар,"Interstellar, 2014, 169 мин.",США • фантастика  Режиссёр: Кристофер Нолан,"В ролях: Мэттью Макконахи, Энн Хэтэуэй"
Властелин колец: Возвращение короля,"The Lord of the Rings: The Return of the King, 2003, 201 мин.",Новая Зеландия • фэнтези  Режиссёр: Питер Джексон,"В ролях: Элайджа Вуд, Вигго Мортенсен"
Бойцовский клуб,"Fight Club, 1999, 139 мин.",США • триллер  Режиссёр: Дэвид Финчер,"В ролях: Эдвард Нортон, Брэд Питт"
Унесённые призраками,"Sen to Chihiro no kamikakushi, 2001, 125 мин.",Япония • аниме  Режиссёр: Хаяо Миядзаки,"В ролях: Руми Хиираги, Мию Ирино"
Тайна Коко,"Coco, 2017, 105 мин.",США • мультфильм  Режиссёр: Ли Анкрич,"В ролях: Энтони Гонсалес, Гаэль Гарсиа Берналь"
Криминальное чтиво,"Pulp Fiction, 1994, 154 мин.",США • криминал  Режиссёр: Квентин Тарантино,"В ролях: Джон Траволта, Сэмюэл Л. Джексон"
Иван Васильевич меняет профессию,"1973, 88 мин.",СССР • комедия  Режиссёр: Леонид Гайдай,"В ролях: Александр Демьяненко, Юрий Яковлев"
Властелин колец: Две крепости,"The Lord of the Rings: The Two Towers, 2002, 179 мин.",Новая Зеландия • фэнтези  Режиссёр: Питер Джексон,"В ролях: Элайджа Вуд, Иэн Маккеллен"
Властелин колец: Братство Кольца,"The Lord of the Rings: The Fellowship of the Ring, 2001, 178 мин.",Новая Зеландия • фэнтези  Режиссёр: Питер Джексон,"В ролях: Элайджа Вуд, Иэн Маккеллен"
Шрэк,"Shrek, 2001, 90 мин.",США • мультфильм  Режиссёр: Эндрю Адамсон,"В ролях: Майк Майерс, Эдди Мерфи"
Приключения Шерлока Холмса и доктора Ватсона: Собака Баскервилей,"1981, 154 мин.",СССР • детектив  Режиссёр: Игорь Масленников,"В ролях: Василий Ливанов, Виталий Соломин"
Шерлок Холмс и доктор Ватсон: Знакомство,"1979, 68 мин.",СССР • криминал  Режиссёр: Игорь Масленников,"В ролях: Василий Ливанов, Виталий Соломин"
Король Лев,"The Lion King, 1994, 88 мин.",США • мультфильм  Режиссёр: Роджер Аллерс,"В ролях: Мэттью Бродерик, Джереми Айронс"
Достучаться до небес,"Knockin' on Heaven's Door, 1997, 87 мин.",Германия • драма  Режиссёр: Томас Ян,"В ролях: Тиль Швайгер, Ян Йозеф Лиферс"
Остров проклятых,"Shutter Island, 2009, 138 мин.",США • триллер  Режиссёр: Мартин Скорсезе,"В ролях: Леонардо ДиКаприо, Марк Руффало"
Ходячий замок,"Howl no Ugoku Shiro, 2004, 119 мин.",Япония • аниме  Режиссёр: Хаяо Миядзаки,"В ролях: Тиэко Байсё, Такуя Кимура"
Терминатор 2: Судный день,"Terminator 2: Judgment Day, 1991, 137 мин.",США • фантастика  Режиссёр: Джеймс Кэмерон,"В ролях: Арнольд Шварценеггер, Линда Хэмилтон"
Джентльмены удачи,"1971, 84 мин.",СССР • комедия  Режиссёр: Александр Серый,"В ролях: Евгений Леонов, Георгий Вицин"
Москва слезам не верит,"1979, 150 мин.",СССР • мелодрама  Режиссёр: Владимир Меньшов,"В ролях: Вера Алентова, Ирина Муравьёва"
Назад в будущее,"Back to the Future, 1985, 116 мин.",США • фантастика  Режиссёр: Роберт Земекис,"В ролях: Майкл Дж. Фокс, Кристофер Ллойд"
Операция «Ы» и другие приключения Шурика,"1965, 95 мин.",СССР • комедия  Режиссёр: Леонид Гайдай,"В ролях: Александр Демьяненко, Наталья Селезнёва"
Леон,"Léon, 1994, 133 мин.",Франция • боевик  Режиссёр: Люк Бессон,"В ролях: Жан Рено, Натали Портман"
...А зори здесь тихие,"1972, 160 мин.",СССР • драма  Режиссёр: Станислав Ростоцкий,"В ролях: Елена Драпеко, Екатерина Маркова"
Начало,"Inception, 2010, 148 мин.",США • фантастика  Режиссёр: Кристофер Нолан,"В ролях: Леонардо ДиКаприо, Джозеф Гордон-Левитт"
Девчата,"1962, 92 мин.",СССР • мелодрама  Режиссёр: Юрий Чулюкин,"В ролях: Надежда Румянцева, Николай Рыбников"
Гарри Поттер и узник Азкабана,"Harry Potter and the Prisoner of Azkaban, 2004, 142 мин.",Великобритания • фэнтези  Режиссёр: Альфонсо Куарон,"В ролях: Дэниэл Рэдклифф, Руперт Гринт"
Темный рыцарь,"The Dark Knight, 2008, 152 мин.",США • фантастика  Режиссёр: Кристофер Нолан,"В ролях: Кристиан Бэйл, Хит Леджер"
Джентльмены,"The Gentlemen, 2019, 113 мин.",США • криминал  Режиссёр: Гай Ричи,"В ролях: Мэттью Макконахи, Чарли Ханнэм"
ВАЛЛ·И,"WALL·E, 2008, 98 мин.",США • мультфильм  Режиссёр: Эндрю Стэнтон,"В ролях: Бен Бертт, Элисса Найт"
Они сражались за Родину,"1975, 160 мин.",СССР • драма  Режиссёр: Сергей Бондарчук,"В ролях: Василий Шукшин, Вячеслав Тихонов"
Зеленая книга,"Green Book, 2018, 130 мин.",США • биография  Режиссёр: Питер Фаррелли,"В ролях: Вигго Мортенсен, Махершала Али"
"Поймай меня, если сможешь","Catch Me If You Can, 2002, 141 мин.",США • криминал  Режиссёр: Стивен Спилберг,"В ролях: Леонардо ДиКаприо, Том Хэнкс"
Гарри Поттер и философский камень,"Harry Potter and the Sorcerer's Stone, 2001, 152 мин.",Великобритания • фэнтези  Режиссёр: Крис Коламбус,"В ролях: Дэниэл Рэдклифф, Руперт Гринт"
Клаус,"Klaus, 2019, 96 мин.",Испания • мультфильм  Режиссёр: Серхио Паблос,"В ролях: Джейсон Шварцман, Дж.К. Симмонс"
Как приручить дракона,"How to Train Your Dragon, 2010, 98 мин.",США • мультфильм  Режиссёр: Дин ДеБлуа,"В ролях: Джей Барушель, Джерард Батлер"
Собачье сердце,"1988, 136 мин.",СССР • драма  Режиссёр: Владимир Бортко,"В ролях: Евгений Евстигнеев, Владимир Толоконников"
Бриллиантовая рука,"1968, 94 мин.",СССР • комедия  Режиссёр: Леонид Гайдай,"В ролях: Юрий Никулин, Андрей Миронов"
Шрэк 2,"Shrek 2, 2004, 93 мин.",США • мультфильм  Режиссёр: Эндрю Адамсон,"В ролях: Майк Майерс, Эдди Мерфи"
Хатико: Самый верный друг,"Hachi: A Dog's Tale, 2008, 89 мин.",США • драма  Режиссёр: Лассе Халльстрём,"В ролях: Ричард Гир, Джоан Аллен"
Большой куш,"Snatch, 2000, 104 мин.",Великобритания • криминал  Режиссёр: Гай Ричи,"В ролях: Джейсон Стэйтем, Стивен Грэм"
"Кавказская пленница, или Новые приключения Шурика","1966, 82 мин.",СССР • комедия  Режиссёр: Леонид Гайдай,"В ролях: Александр Демьяненко, Наталья Варлей"
Гарри Поттер и Дары Смерти: Часть II,"Harry Potter and the Deathly Hallows - Part 2, 2011, 130 мин.",Великобритания • фэнтези  Режиссёр: Дэвид Йейтс,"В ролях: Дэниэл Рэдклифф, Руперт Гринт"
Пираты Карибского моря: Проклятие Черной жемчужины,"Pirates of the Caribbean: The Curse of the Black Pearl, 2003, 143 мин.",США • фэнтези  Режиссёр: Гор Вербински,"В ролях: Джонни Депп, Джеффри Раш"
Брат,"1997, 100 мин.",Россия • драма  Режиссёр: Алексей Балабанов,"В ролях: Сергей Бодров мл., Виктор Сухоруков"
Гарри Поттер и Тайная комната,"Harry Potter and the Chamber of Secrets, 2002, 161 мин.",Великобритания • фэнтези  Режиссёр: Крис Коламбус,"В ролях: Дэниэл Рэдклифф, Руперт Гринт"
Офицеры,"1971, 91 мин.",СССР • драма  Режиссёр: Владимир Роговой,"В ролях: Георгий Юматов, Василий Лановой"
В бой идут одни «старики»,"1973, 87 мин.",СССР • военный  Режиссёр: Леонид Быков,"В ролях: Леонид Быков, Сергей Подгорный"
Один дома,"Home Alone, 1990, 103 мин.",США • комедия  Режиссёр: Крис Коламбус,"В ролях: Маколей Калкин, Джо Пеши"
Титаник,"Titanic, 1997, 194 мин.",США • мелодрама  Режиссёр: Джеймс Кэмерон,"В ролях: Леонардо ДиКаприо, Кейт Уинслет"
Гладиатор,"Gladiator, 2000, 155 мин.",США • история  Режиссёр: Ридли Скотт,"В ролях: Рассел Кроу, Хоакин Феникс"
Брат 2,"2000, 127 мин.",Россия • боевик  Режиссёр: Алексей Балабанов,"В ролях: Сергей Бодров мл., Виктор Сухоруков"
Служебный роман,"1977, 159 мин.",СССР • мелодрама  Режиссёр: Эльдар Рязанов,"В ролях: Андрей Мягков, Алиса Фрейндлих"
Жизнь прекрасна,"La vita è bella, 1997, 116 мин.",Италия • военный  Режиссёр: Роберто Бениньи,"В ролях: Роберто Бениньи, Николетта Браски"
Мой сосед Тоторо,"Tonari no Totoro, 1988, 86 мин.",Япония • аниме  Режиссёр: Хаяо Миядзаки,"В ролях: Норико Хидака, Тика Сакамото"
Мой Хатико,"Zhong quan ba gong, 2023, 125 мин.",Китай • драма  Режиссёр: Сюй Ан,"В ролях: Фэн Сяоган, Хуан Сюн"
"Карты, деньги, два ствола","Lock, Stock and Two Smoking Barrels, 1998, 107 мин.",Великобритания • боевик  Режиссёр: Гай Ричи,"В ролях: Джейсон Флеминг, Декстер Флетчер"
Пианист,"The Pianist, 2002, 149 мин.",Франция • драма  Режиссёр: Роман Полански,"В ролях: Эдриан Броуди, Эмилия Фокс"
Пеле: Рождение легенды,"Pelé: Birth of a Legend, 2015, 107 мин.",США • биография  Режиссёр: Джефф Цимбалист,"В ролях: Кевин де Паула, Леонардо Лима Карвальо"
Песнь моря,"Song of the Sea, 2014, 93 мин.",Ирландия • мультфильм  Режиссёр: Томм Мур,"В ролях: Дэвид Роул, Брендан Глисон"
Принцесса Мононоке,"Mononoke-hime, 1997, 134 мин.",Япония • аниме  Режиссёр: Хаяо Миядзаки,"В ролях: Ёдзи Мацуда, Юрико Исида"
Джанго освобожденный,"Django Unchained, 2012, 165 мин.",США • вестерн  Режиссёр: Квентин Тарантино,"В ролях: Джейми Фокс, Кристоф Вальц"
Судьба человека,"1959, 97 мин.",СССР • драма  Режиссёр: Сергей Бондарчук,"В ролях: Сергей Бондарчук, Павел Полунин"
Укрощение строптивого,"Il bisbetico domato, 1980, 107 мин.",Италия • мелодрама  Режиссёр: Франко Кастеллано,"В ролях: Адриано Челентано, Орнелла Мути"
Тот самый Мюнхгаузен,"1979, 134 мин.",СССР • фэнтези  Режиссёр: Марк Захаров,"В ролях: Олег Янковский, Инна Чурикова"
Маленький принц,"Le Petit Prince, 2015, 108 мин.",Франция • мультфильм  Режиссёр: Марк Осборн,"В ролях: Джефф Бриджес, Маккензи Фой"
Мужики!..,"1981, 97 мин.",СССР • драма  Режиссёр: Искра Бабич,"В ролях: Александр Михайлов, Ирина Иванова"
Человек-паук: Паутина вселенных,"Spider-Man: Across the Spider-Verse, 2023, 140 мин.",США • мультфильм  Режиссёр: Жуакин Душ Сантуш,"В ролях: Шамеик Мур, Хейли Стайнфелд"
Матрица,"The Matrix, 1999, 136 мин.",США • фантастика  Режиссёр: Лана Вачовски,"В ролях: Киану Ривз, Лоренс Фишбёрн"
По соображениям совести,"Hacksaw Ridge, 2016, 139 мин.",Австралия • биография  Режиссёр: Мэл Гибсон,"В ролях: Эндрю Гарфилд, Сэм Уортингтон"
Хоббит: Нежданное путешествие,"The Hobbit: An Unexpected Journey, 2012, 169 мин.",Новая Зеландия • фэнтези  Режиссёр: Питер Джексон,"В ролях: Мартин Фриман, Иэн Маккеллен"
Волк с Уолл-стрит,"The Wolf of Wall Street, 2013, 180 мин.",США • драма  Режиссёр: Мартин Скорсезе,"В ролях: Леонардо ДиКаприо, Джона Хилл"
Одержимость,"Whiplash, 2013, 106 мин.",США • драма  Режиссёр: Дэмьен Шазелл,"В ролях: Майлз Теллер, Дж.К. Симмонс"
Иди и смотри,"1985, 136 мин.",СССР • драма  Режиссёр: Элем Климов,"В ролях: Алексей Кравченко, Ольга Миронова"
Ведьмина служба доставки,"Majo no takkyûbin, 1989, 103 мин.",Япония • аниме  Режиссёр: Хаяо Миядзаки,"В ролях: Минами Такаяма, Рэи Сакума"
Гордость и предубеждение,"Pride & Prejudice, 2005, 129 мин.",Великобритания • драма  Режиссёр: Джо Райт,"В ролях: Кира Найтли, Мэттью Макфэдиен"
Прислуга,"The Help, 2011, 146 мин.",США • драма  Режиссёр: Тейт Тейлор,"В ролях: Эмма Стоун, Виола Дэвис"
Шерлок Холмс и доктор Ватсон: Сокровища Агры,"1983, 151 мин.",СССР • мелодрама  Режиссёр: Игорь Масленников,"В ролях: Василий Ливанов, Виталий Соломин"
Пятый элемент,"The Fifth Element, 1997, 126 мин.",Франция • фантастика  Режиссёр: Люк Бессон,"В ролях: Брюс Уиллис, Милла Йовович"
Отступники,"The Departed, 2006, 151 мин.",США • триллер  Режиссёр: Мартин Скорсезе,"В ролях: Леонардо ДиКаприо, Мэтт Дэймон"
Белый Бим Черное ухо,"1976, 183 мин.",СССР • драма  Режиссёр: Станислав Ростоцкий,"В ролях: Вячеслав Тихонов, Валентина Владимирова"
Хоббит: Битва пяти воинств,"The Hobbit: The Battle of the Five Armies, 2014, 144 мин.",Новая Зеландия • фэнтези  Режиссёр: Питер Джексон,"В ролях: Мартин Фриман, Иэн Маккеллен"
Эрнест и Селестина: Приключения мышки и медведя,"Ernest et Célestine, 2012, 80 мин.",Франция • мультфильм  Режиссёр: Стефани Обье,"В ролях: Ламбер Вильсон, Полин Брюннер"
Крестный отец,"The Godfather, 1972, 175 мин.",США • драма  Режиссёр: Фрэнсис Форд Коппола,"В ролях: Марлон Брандо, Аль Пачино"
Лев,"Lion, 2016, 118 мин.",Австралия • драма  Режиссёр: Гарт Дэвис,"В ролях: Дев Патель, Николь Кидман"
Престиж,"The Prestige, 2006, 130 мин.",Великобритания • триллер  Режиссёр: Кристофер Нолан,"В ролях: Хью Джекман, Кристиан Бэйл"
Гарри Поттер и Кубок огня,"Harry Potter and the Goblet of Fire, 2005, 157 мин.",Великобритания • фэнтези  Режиссёр: Майк Ньюэлл,"В ролях: Дэниэл Рэдклифф, Руперт Гринт"
Оппенгеймер,"Oppenheimer, 2023, 180 мин.",США • биография  Режиссёр: Кристофер Нолан,"В ролях: Киллиан Мерфи, Эмили Блант"
Мадагаскар,"Madagascar, 2005, 86 мин.",США • мультфильм  Режиссёр: Эрик Дарнелл,"В ролях: Бен Стиллер, Крис Рок"
Вам и не снилось...,"1980, 86 мин.",СССР • драма  Режиссёр: Илья Фрэз,"В ролях: Татьяна Аксюта, Никита Михайловский"
Один дома 2: Затерянный в Нью-Йорке,"Home Alone 2: Lost in New York, 1992, 119 мин.",США • комедия  Режиссёр: Крис Коламбус,"В ролях: Маколей Калкин, Джо Пеши"
12 стульев,"1971, 153 мин.",СССР • комедия  Режиссёр: Леонид Гайдай,"В ролях: Арчил Гомиашвили, Сергей Филиппов"
12 разгневанных мужчин,"12 Angry Men, 1956, 96 мин.",США • драма  Режиссёр: Сидни Люмет,"В ролях: Генри Фонда, Мартин Болсам"
Шоу Трумана,"The Truman Show, 1998, 103 мин.",США • драма  Режиссёр: Питер Уир,"В ролях: Джим Керри, Лора Линни"
Дело храбрых,"Only the Brave, 2017, 134 мин.",США • драма  Режиссёр: Джозеф Косински,"В ролях: Джош Бролин, Майлз Теллер"
Рататуй,"Ratatouille, 2007, 111 мин.",США • мультфильм  Режиссёр: Брэд Бёрд,"В ролях: Пэттон Освальт, Иэн Холм"
Остров сокровищ,"1988, 107 мин.",СССР • мультфильм  Режиссёр: Давид Черкасский,"В ролях: Владимир Заднепровский, Евгений Паперный"
Летят журавли,"1957, 95 мин.",СССР • военный  Режиссёр: Михаил Калатозов,"В ролях: Татьяна Самойлова, Алексей Баталов"
Пираты Карибского моря: Сундук мертвеца,"Pirates of the Caribbean: Dead Man's Chest, 2006, 151 мин.",США • фэнтези  Режиссёр: Гор Вербински,"В ролях: Джонни Депп, Орландо Блум"
Гарри Поттер и Принц-полукровка,"Harry Potter and the Half-Blood Prince, 2009, 153 мин.",Великобритания • фэнтези  Режиссёр: Дэвид Йейтс,"В ролях: Дэниэл Рэдклифф, Руперт Гринт"
В августе 44-го,"2001, 118 мин.",Россия • боевик  Режиссёр: Михаил Пташук,"В ролях: Евгений Миронов, Владислав Галкин"
Крестный отец 2,"The Godfather: Part II, 1974, 202 мин.",США • драма  Режиссёр: Фрэнсис Форд Коппола,"В ролях: Аль Пачино, Роберт Де Ниро"
На войне как на войне,"1968, 90 мин.",СССР • военный  Режиссёр: Виктор Трегубович,"В ролях: Михаил Кононов, Олег Борисов"
Человек-паук: Через вселенные,"Spider-Man: Into the Spider-Verse, 2018, 117 мин.",Канада • мультфильм  Режиссёр: Боб Персичетти,"В ролях: Шамеик Мур, Джейк Джонсон"
Вторая жизнь Уве,"En man som heter Ove, 2015, 116 мин.",Швеция • драма  Режиссёр: Ханнес Холм,"В ролях: Рольф Лассгор, Бахар Парс"
Корпорация монстров,"Monsters, Inc., 2001, 92 мин.",США • мультфильм  Режиссёр: Пит Доктер,"В ролях: Джон Гудман, Билли Кристал"
Двухсотлетний человек,"Bicentennial Man, 1999, 126 мин.",Германия • фантастика  Режиссёр: Крис Коламбус,"В ролях: Робин Уильямс, Эмбет Дэвидц"
Назад в будущее 2,"Back to the Future Part II, 1989, 108 мин.",США • фантастика  Режиссёр: Роберт Земекис,"В ролях: Майкл Дж. Фокс, Кристофер Ллойд"
Брестская крепость,"2010, 131 мин.",Беларусь • военный  Режиссёр: Александр Котт,"В ролях: Алексей Копашов, Андрей Мерзликин"
Хоббит: Пустошь Смауга,"The Hobbit: The Desolation of Smaug, 2013, 161 мин.",Новая Зеландия • фэнтези  Режиссёр: Питер Джексон,"В ролях: Мартин Фриман, Ричард Армитедж"
Твоё имя,"Kimi no na wa., 2016, 110 мин.",Япония • аниме  Режиссёр: Макото Синкай,"В ролях: Рюносукэ Камики, Монэ Камисираиси"
Хранители снов,"Rise of the Guardians, 2012, 97 мин.",США • мультфильм  Режиссёр: Питер Рэмзи,"В ролях: Крис Пайн, Алек Болдуин"
Зверополис,"Zootopia, 2016, 108 мин.",США • мультфильм  Режиссёр: Байрон Ховард,"В ролях: Джиннифер Гудвин, Джейсон Бейтман"
Навсикая из долины ветров,"Kaze no tani no Naushika, 1984, 117 мин.",Япония • аниме  Режиссёр: Хаяо Миядзаки,"В ролях: Суми Симамото, Махито Цудзимура"
Смех и горе у Бела моря,"1988, 59 мин.",СССР • мультфильм  Режиссёр: Леонид Носырев,"В ролях: Анатолий Баранцев, Евгений Леонов"
Звёздные войны: Эпизод 3 — Месть ситхов,"Star Wars: Episode III - Revenge of the Sith, 2005, 140 мин.",США • фантастика  Режиссёр: Джордж Лукас,"В ролях: Юэн Макгрегор, Натали Портман"
Крик тишины,"2019, 97 мин.",Россия • драма  Режиссёр: Владимир Потапов,"В ролях: Алина Саргина, Лев Гиршов"
"Знакомьтесь, Джо Блэк","Meet Joe Black, 1998, 178 мин.",США • мелодрама  Режиссёр: Мартин Брест,"В ролях: Брэд Питт, Энтони Хопкинс"
Молчание ягнят,"The Silence of the Lambs, 1990, 118 мин.",США • триллер  Режиссёр: Джонатан Демме,"В ролях: Джоди Фостер, Энтони Хопкинс"
Приключения Паддингтона 2,"Paddington 2, 2017, 103 мин.",Великобритания • фэнтези  Режиссёр: Пол Кинг,"В ролях: Бен Уишоу, Хью Бонневилль"
Сестрёнка,"2019, 94 мин.",Россия • драма  Режиссёр: Александр Галибин,"В ролях: Арслан Крымчурин, Марта Кесслер"
Любовь и голуби,"1984, 107 мин.",СССР • мелодрама  Режиссёр: Владимир Меньшов,"В ролях: Александр Михайлов, Нина Дорошина"
Мстители: Война бесконечности,"Avengers: Infinity War, 2018, 149 мин.",США • фантастика  Режиссёр: Энтони Руссо,"В ролях: Роберт Дауни мл., Крис Хемсворт"
Укрась прощальное утро цветами обещания,"Sayonara no asa ni yakusoku no hana o kazaro, 2018, 115 мин.",Япония • аниме  Режиссёр: Мари Окада,"В ролях: Манака Ивами, Мию Ирино"
Покровские ворота,"1982, 140 мин.",СССР • мюзикл  Режиссёр: Михаил Козаков,"В ролях: Олег Меньшиков, Леонид Броневой"
Холодное лето пятьдесят третьего...,"1987, 102 мин.",СССР • драма  Режиссёр: Александр Прошкин,"В ролях: Валерий Приёмыхов, Анатолий Папанов"
Война,"2002, 120 мин.",Россия • боевик  Режиссёр: Алексей Балабанов,"В ролях: Алексей Чадов, Иэн Келли"
Малышка на миллион,"Million Dollar Baby, 2004, 132 мин.",США • драма  Режиссёр: Клинт Иствуд,"В ролях: Клинт Иствуд, Хилари Суэнк"
Невероятный мир глазами Энцо,"The Art of Racing in the Rain, 2019, 109 мин.",США • драма  Режиссёр: Саймон Кёртис,"В ролях: Кевин Костнер, Майло Вентимилья"
Игры разума,"A Beautiful Mind, 2001, 135 мин.",США • драма  Режиссёр: Рон Ховард,"В ролях: Рассел Кроу, Эд Харрис"
Не может быть!,"1975, 92 мин.",СССР • мелодрама  Режиссёр: Леонид Гайдай,"В ролях: Михаил Пуговкин, Нина Гребешкова"
Приключения Шерлока Холмса и доктора Ватсона: Охота на тигра,"1980, 65 мин.",СССР • криминал  Режиссёр: Игорь Масленников,"В ролях: Василий Ливанов, Виталий Соломин"
Мулан,"Mulan, 1998, 84 мин.",США • мультфильм  Режиссёр: Тони Бэнкрофт,"В ролях: Эдди Мерфи, Лиа Салонга"
"Добро пожаловать, или Посторонним вход воспрещен","1964, 71 мин.",СССР • комедия  Режиссёр: Элем Климов,"В ролях: Виктор Косых, Евгений Евстигнеев"
Терминал,"The Terminal, 2004, 124 мин.",США • драма  Режиссёр: Стивен Спилберг,"В ролях: Том Хэнкс, Кэтрин Зета-Джонс"
Рыбка Поньо на утесе,"Gake no ue no Ponyo, 2008, 101 мин.",Япония • аниме  Режиссёр: Хаяо Миядзаки,"В ролях: Юриа Нара, Хироки Дои"
Человек-паук,"Spider-Man, 2002, 121 мин.",США • фантастика  Режиссёр: Сэм Рэйми,"В ролях: Тоби Магуайр, Уиллем Дефо"
Бесславные ублюдки,"Inglourious Basterds, 2009, 153 мин.",Германия • боевик  Режиссёр: Квентин Тарантино,"В ролях: Брэд Питт, Кристоф Вальц"
Семь,"Se7en, 1995, 127 мин.",США • триллер  Режиссёр: Дэвид Финчер,"В ролях: Брэд Питт, Морган Фриман"
Привидение,"Ghost, 1990, 127 мин.",США • мелодрама  Режиссёр: Джерри Цукер,"В ролях: Патрик Суэйзи, Деми Мур"
Аладдин,"Aladdin, 1992, 90 мин.",США • мультфильм  Режиссёр: Рон Клементс,"В ролях: Скотт Венгер, Робин Уильямс"
Вверх,"Up, 2009, 96 мин.",США • мультфильм  Режиссёр: Пит Доктер,"В ролях: Эдвард Эснер, Кристофер Пламмер"
Гарри Поттер и Орден Феникса,"Harry Potter and the Order of the Phoenix, 2007, 138 мин.",Великобритания • фэнтези  Режиссёр: Дэвид Йейтс,"В ролях: Дэниэл Рэдклифф, Руперт Гринт"
Запах женщины,"Scent of a Woman, 1992, 156 мин.",США • драма  Режиссёр: Мартин Брест,"В ролях: Аль Пачино, Крис О’Доннелл"
Душа,"Soul, 2020, 106 мин.",США • мультфильм  Режиссёр: Пит Доктер,"В ролях: Джейми Фокс, Тина Фей"
Гарри Поттер и Дары Смерти: Часть I,"Harry Potter and the Deathly Hallows - Part 1, 2010, 146 мин.",Великобритания • фэнтези  Режиссёр: Дэвид Йейтс,"В ролях: Дэниэл Рэдклифф, Руперт Гринт"
День сурка,"Groundhog Day, 1993, 101 мин.",США • фэнтези  Режиссёр: Харольд Рэмис,"В ролях: Билл Мюррей, Энди Макдауэлл"
Пираты Карибского моря: На краю света,"Pirates of the Caribbean: At World's End, 2007, 169 мин.",США • приключения  Режиссёр: Гор Вербински,"В ролях: Джонни Депп, Джеффри Раш"
Собачья жизнь,"A Dog's Purpose, 2017, 100 мин.",США • фэнтези  Режиссёр: Лассе Халльстрём,"В ролях: Джош Гад, Деннис Куэйд"
"Хороший, плохой, злой","Il buono, il brutto, il cattivo, 1966, 178 мин.",Италия • вестерн  Режиссёр: Серджио Леоне,"В ролях: Клинт Иствуд, Ли Ван Клиф"
Общество мертвых поэтов,"Dead Poets Society, 1989, 128 мин.",США • драма  Режиссёр: Питер Уир,"В ролях: Робин Уильямс, Роберт Шон Леонард"
Белое солнце пустыни,"1969, 84 мин.",СССР • боевик  Режиссёр: Владимир Мотыль,"В ролях: Анатолий Кузнецов, Спартак Мишулин"
Шерлок Холмс и доктор Ватсон: Двадцатый век начинается,"1986, 150 мин.",СССР • триллер  Режиссёр: Игорь Масленников,"В ролях: Василий Ливанов, Виталий Соломин"
Мимино,"1977, 92 мин.",СССР • драма  Режиссёр: Георгий Данелия,"В ролях: Вахтанг Кикабидзе, Фрунзик Мкртчян"
Анастасия,"Anastasia, 1997, 94 мин.",США • мультфильм  Режиссёр: Дон Блут,"В ролях: Мег Райан, Джон Кьюсак"
Небесный замок Лапута,"Tenkuu no Shiro Laputa, 1986, 125 мин.",Япония • аниме  Режиссёр: Хаяо Миядзаки,"В ролях: Кэйко Ёкодзава, Маюми Танака"
Аватар,"Avatar, 2009, 162 мин.",США • фантастика  Режиссёр: Джеймс Кэмерон,"В ролях: Сэм Уортингтон, Зои Салдана"
Кин-дза-дза!,"1986, 135 мин.",СССР • фантастика  Режиссёр: Георгий Данелия,"В ролях: Станислав Любшин, Евгений Леонов"
Красотка,"Pretty Woman, 1990, 115 мин.",США • мелодрама  Режиссёр: Гэрри Маршалл,"В ролях: Ричард Гир, Джулия Робертс"
Апокалипсис,"Apocalypto, 2006, 139 мин.",США • боевик  Режиссёр: Мэл Гибсон,"В ролях: Руди Янгблад, Далия Эрнандес"
В погоне за счастьем,"The Pursuit of Happyness, 2006, 117 мин.",США • драма  Режиссёр: Габриэле Муччино,"В ролях: Уилл Смит, Джейден Смит"
Чудо,"Wonder, 2017, 113 мин.",США • драма  Режиссёр: Стивен Чбоски,"В ролях: Джейкоб Тремблей, Оуэн Уилсон"
Головоломка,"Inside Out, 2015, 95 мин.",США • мультфильм  Режиссёр: Пит Доктер,"В ролях: Эми Полер, Филлис Смит"
Маугли дикой планеты,"Terra Willy: Planète inconnue, 2019, 90 мин.",Франция • мультфильм  Режиссёр: Эрик Тости,"В ролях: Тимоте Фон Дорп, Эдуард Баэр"
Храброе сердце,"Braveheart, 1995, 178 мин.",США • история  Режиссёр: Мэл Гибсон,"В ролях: Мэл Гибсон, Софи Марсо"
Люди в чёрном,"Men in Black, 1997, 98 мин.",США • фантастика  Режиссёр: Барри Зонненфельд,"В ролях: Томми Ли Джонс, Уилл Смит"
Жестокий романс,"1984, 137 мин.",СССР • драма  Режиссёр: Эльдар Рязанов,"В ролях: Лариса Гузеева, Андрей Мягков"
Игра,"The Game, 1997, 129 мин.",США • триллер  Режиссёр: Дэвид Финчер,"В ролях: Майкл Дуглас, Шон Пенн"
Белорусский вокзал,"1970, 95 мин.",СССР • драма  Режиссёр: Андрей Смирнов,"В ролях: Евгений Леонов, Анатолий Папанов"
Унесённые ветром,"Gone with the Wind, 1939, 222 мин.",США • мелодрама  Режиссёр: Виктор Флеминг,"В ролях: Вивьен Ли, Кларк Гейбл"
Семь жизней,"Seven Pounds, 2008, 118 мин.",США • драма  Режиссёр: Габриэле Муччино,"В ролях: Уилл Смит, Розарио Доусон"
Отпуск по обмену,"The Holiday, 2006, 136 мин.",США • мелодрама  Режиссёр: Нэнси Майерс,"В ролях: Кэмерон Диас, Кейт Уинслет"
Вечера на хуторе близ Диканьки,"1961, 66 мин.",СССР • фэнтези  Режиссёр: Александр Роу,"В ролях: Юрий Тавров, Людмила Хитяева"
Обыкновенное чудо,"1978, 137 мин.",СССР • мюзикл  Режиссёр: Марк Захаров,"В ролях: Олег Янковский, Ирина Купченко"
Лекарь: Ученик Авиценны,"The Physician, 2013, 155 мин.",Германия • приключения  Режиссёр: Филипп Штёльцль,"В ролях: Том Пэйн, Бен Кингсли"
Достать ножи,"Knives Out, 2019, 130 мин.",США • детектив  Режиссёр: Райан Джонсон,"В ролях: Дэниэл Крэйг, Ана де Армас"
Карнавальная ночь,"1956, 78 мин.",СССР • комедия  Режиссёр: Эльдар Рязанов,"В ролях: Игорь Ильинский, Людмила Гурченко"
Омерзительная восьмерка,"The Hateful Eight, 2015, 168 мин.",США • вестерн  Режиссёр: Квентин Тарантино,"В ролях: Курт Рассел, Сэмюэл Л. Джексон"
Невидимая сторона,"The Blind Side, 2009, 129 мин.",США • драма  Режиссёр: Джон Ли Хэнкок,"В ролях: Сандра Буллок, Куинтон Аарон"
Ученик чудовища,"Bakemono no ko, 2015, 119 мин.",Япония • аниме  Режиссёр: Мамору Хосода,"В ролях: Сёта Сомэтани, Кодзи Якусё"
Алеша Попович и Тугарин Змей,"2004, 79 мин.",Россия • мультфильм  Режиссёр: Константин Бронзит,"В ролях: Олег Куликович, Дмитрий Высоцкий"
Ford против Ferrari,"Ford v Ferrari, 2019, 152 мин.",США • биография  Режиссёр: Джеймс Мэнголд,"В ролях: Кристиан Бэйл, Мэтт Дэймон"
Самая обаятельная и привлекательная,"1985, 81 мин.",СССР • мелодрама  Режиссёр: Геральд Бежанов,"В ролях: Ирина Муравьёва, Татьяна Васильева"
Собака на сене,"1977, 138 мин.",СССР • мюзикл  Режиссёр: Ян Фрид,"В ролях: Маргарита Терехова, Михаил Боярский"
Творение Господне,"Something the Lord Made, 2004, 110 мин.",США • драма  Режиссёр: Джозеф Сарджент,"В ролях: Ясин Бей, Алан Рикман"
Человек дождя,"Rain Man, 1988, 133 мин.",США • драма  Режиссёр: Барри Левинсон,"В ролях: Дастин Хоффман, Том Круз"
Ветер крепчает,"Kaze tachinu, 2013, 126 мин.",Япония • аниме  Режиссёр: Хаяо Миядзаки,"В ролях: Хидэаки Анно, Миори Такимото"
Подольские курсанты,"2020, 136 мин.",Россия • военный  Режиссёр: Вадим Шмелев,"В ролях: Алексей Бардуков, Евгений Дятлов"
Железный человек,"Iron Man, 2008, 121 мин.",США • фантастика  Режиссёр: Джон Фавро,"В ролях: Роберт Дауни мл., Джефф Бриджес"
Весна на Заречной улице,"1956, 90 мин.",СССР • драма  Режиссёр: Марлен Хуциев,"В ролях: Нина Иванова, Николай Рыбников"
Монстры на каникулах,"Hotel Transylvania, 2012, 91 мин.",США • мультфильм  Режиссёр: Генндий Тартаковский,"В ролях: Адам Сэндлер, Энди Сэмберг"
Жизнь других,"Das Leben der Anderen, 2006, 137 мин.",Германия • триллер  Режиссёр: Флориан Хенкель фон Доннерсмарк,"В ролях: Ульрих Мюэ, Себастьян Кох"
Человек с бульвара Капуцинов,"1987, 98 мин.",СССР • вестерн  Режиссёр: Алла Сурикова,"В ролях: Андрей Миронов, Александра Яковлева"
Приходи на меня посмотреть,"2000, 101 мин.",Россия • мелодрама  Режиссёр: Михаил Агранович,"В ролях: Олег Янковский, Ирина Купченко"
Таксист,"Taeksi unjeonsa, 2017, 137 мин.",Корея Южная • история  Режиссёр: Чан Хун,"В ролях: Сон Кан-хо, Томас Кречман"
Король говорит!,"The King's Speech, 2010, 118 мин.",Великобритания • драма  Режиссёр: Том Хупер,"В ролях: Колин Фёрт, Джеффри Раш"
Формула любви,"1984, 90 мин.",СССР • мелодрама  Режиссёр: Марк Захаров,"В ролях: Нодар Мгалоблишвили, Александр Абдулов"
Назад в будущее 3,"Back to the Future Part III, 1990, 118 мин.",США • фантастика  Режиссёр: Роберт Земекис,"В ролях: Майкл Дж. Фокс, Кристофер Ллойд"
Счастливое число Слевина,"Lucky Number Slevin, 2005, 110 мин.",США • триллер  Режиссёр: Пол Макгиган,"В ролях: Джош Хартнетт, Брюс Уиллис"
"Свой среди чужих, чужой среди своих","1974, 93 мин.",СССР • боевик  Режиссёр: Никита Михалков,"В ролях: Юрий Богатырев, Александр Кайдановский"
Загадочная история Бенджамина Баттона,"The Curious Case of Benjamin Button, 2008, 166 мин.",США • драма  Режиссёр: Дэвид Финчер,"В ролях: Брэд Питт, Кейт Бланшетт"
Темный рыцарь: Возрождение легенды,"The Dark Knight Rises, 2012, 165 мин.",США • фантастика  Режиссёр: Кристофер Нолан,"В ролях: Кристиан Бэйл, Том Харди"
Доктор Лиза,"2020, 120 мин.",Россия • драма  Режиссёр: Оксана Карас,"В ролях: Чулпан Хаматова, Анджей Хыра"
Расправь крылья,"Donne-moi des ailes, 2019, 113 мин.",Франция • драма  Режиссёр: Николя Ванье,"В ролях: Жан-Поль Рув, Мелани Дотей"
Восточный ветер,"Ostwind, 2013, 106 мин.",Германия • приключения  Режиссёр: Катя фон Гарнье,"В ролях: Ханна Бинке, Марвин Линке"
Вокзал для двоих,"1982, 141 мин.",СССР • драма  Режиссёр: Эльдар Рязанов,"В ролях: Людмила Гурченко, Олег Басилашвили"
Балто,"Balto, 1995, 71 мин.",США • мультфильм  Режиссёр: Саймон Уэллс,"В ролях: Кевин Бейкон, Боб Хоскинс"
Пролетая над гнездом кукушки,"One Flew Over the Cuckoo's Nest, 1975, 133 мин.",США • драма  Режиссёр: Милош Форман,"В ролях: Джек Николсон, Луиза Флетчер"
Максим Перепелица,"1955, 87 мин.",СССР • комедия  Режиссёр: Анатолий Граник,"В ролях: Леонид Быков, Александр Борисов"
Могила светлячков,"Hotaru no Haka, 1988, 88 мин.",Япония • аниме  Режиссёр: Исао Такахата,"В ролях: Цутому Тацуми, Аяно Сираиси"
Мальчик в полосатой пижаме,"The Boy in the Striped Pajamas, 2008, 94 мин.",Великобритания • драма  Режиссёр: Марк Херман,"В ролях: Эйса Баттерфилд, Джек Скэнлон"
Доктор,"2022, 120 мин.",Россия • драма  Режиссёр: Артём Темников,"В ролях: Сергей Пускепалис, Ольга Цирсен"
По семейным обстоятельствам,"1978, 128 мин.",СССР • драма  Режиссёр: Алексей Коренев,"В ролях: Галина Польских, Евгения Ханаева"
Как прогулять школу с пользой,"L'école buissonnière, 2017, 116 мин.",Франция • драма  Режиссёр: Николя Ванье,"В ролях: Франсуа Клюзе, Жан Скандель"
Догвилль,"Dogville, 2003, 178 мин.",Дания • триллер  Режиссёр: Ларс фон Триер,"В ролях: Николь Кидман, Пол Беттани"
Ла-Ла Ленд,"La La Land, 2016, 128 мин.",США • мюзикл  Режиссёр: Дэмьен Шазелл,"В ролях: Райан Гослинг, Эмма Стоун"
Легенда №17,"2012, 134 мин.",Россия • биография  Режиссёр: Николай Лебедев,"В ролях: Данила Козловский, Олег Меньшиков"
Профессионал,"Le professionnel, 1981, 108 мин.",Франция • боевик  Режиссёр: Жорж Лотнер,"В ролях: Жан-Поль Бельмондо, Жан Дезайи"
Счастье в конверте,"2019, 103 мин.",Россия • семейный  Режиссёр: Светлана Суханова,"В ролях: Фёдор Лещев, Ефим Каменецкий"
О чём говорят мужчины,"2010, 93 мин.",Россия • комедия  Режиссёр: Дмитрий Дьяченко,"В ролях: Леонид Барац, Александр Демидов"
Красавица и чудовище,"Beauty and the Beast, 1991, 84 мин.",США • мультфильм  Режиссёр: Гари Труздейл,"В ролях: Робби Бенсон, Джесси Корти"
Амели,"Le Fabuleux destin d'Amélie Poulain, 2001, 122 мин.",Франция • мелодрама  Режиссёр: Жан-Пьер Жёне,"В ролях: Одри Тоту, Матьё Кассовиц"
День выборов,"2007, 125 мин.",Россия • комедия  Режиссёр: Олег Фомин,"В ролях: Леонид Барац, Ростислав Хаит"
В джазе только девушки,"Some Like It Hot, 1959, 119 мин.",США • мелодрама  Режиссёр: Билли Уайлдер,"В ролях: Мэрилин Монро, Тони Кертис"
Ледниковый период,"Ice Age, 2002, 81 мин.",США • мультфильм  Режиссёр: Крис Уэдж,"В ролях: Рэй Романо, Джон Легуизамо"
Республика ШКИД,"1966, 103 мин.",СССР • драма  Режиссёр: Геннадий Полока,"В ролях: Сергей Юрский, Юлия Бурыгина"
Дневник памяти,"The Notebook, 2004, 124 мин.",США • драма  Режиссёр: Ник Кассаветис,"В ролях: Райан Гослинг, Рэйчел Макадамс"
Доспехи Бога 2: Операция Кондор,"Fei ying gai wak, 1991, 106 мин.",Гонконг • боевик  Режиссёр: Джеки Чан,"В ролях: Джеки Чан, Кэрол Чэн"
12 лет рабства,"12 Years a Slave, 2013, 133 мин.",США • драма  Режиссёр: Стив МакКуин,"В ролях: Чиветель Эджиофор, Майкл Фассбендер"
Крепкий орешек,"Die Hard, 1988, 133 мин.",США • боевик  Режиссёр: Джон Мактирнан,"В ролях: Брюс Уиллис, Алан Рикман"
Изгой,"Cast Away, 2000, 143 мин.",США • драма  Режиссёр: Роберт Земекис,"В ролях: Том Хэнкс, Хелен Хант"
Джуманджи,"Jumanji, 1995, 104 мин.",США • фэнтези  Режиссёр: Джо Джонстон,"В ролях: Робин Уильямс, Бонни Хант"
Зверопой 2,"Sing 2, 2021, 110 мин.",США • мультфильм  Режиссёр: Гарт Дженнингс,"В ролях: Тори Келли, Риз Уизерспун"
Дурак,"2014, 116 мин.",Россия • драма  Режиссёр: Юрий Быков,"В ролях: Артём Быстров, Наталья Суркова"
Гостиница Окко,"Wakaokami wa Shougakusei!, 2018, 94 мин.",Япония • аниме  Режиссёр: Китаро Косака,"В ролях: Сэиран Кобаяси, Рина Эндо"
Мачеха,"Stepmom, 1998, 120 мин.",США • драма  Режиссёр: Крис Коламбус,"В ролях: Джулия Робертс, Сьюзен Сарандон"
Такси,"Taxi, 1998, 86 мин.",Франция • боевик  Режиссёр: Жерар Пирес,"В ролях: Сами Насери, Фредерик Дифенталь"
Скрытые фигуры,"Hidden Figures, 2016, 127 мин.",США • драма  Режиссёр: Тед Мелфи,"В ролях: Тараджи П. Хенсон, Октавия Спенсер"
Ворошиловский стрелок,"1999, 95 мин.",Россия • драма  Режиссёр: Станислав Говорухин,"В ролях: Михаил Ульянов, Анна Синякина"
Лило и Стич,"Lilo & Stitch, 2002, 85 мин.",США • мультфильм  Режиссёр: Дин ДеБлуа,"В ролях: Дэйви Чейз, Крис Сандерс"
Блеф,"Bluff storia di truffe e di imbroglioni, 1976, 110 мин.",Италия • комедия  Режиссёр: Серджио Корбуччи,"В ролях: Адриано Челентано, Энтони Куинн"
Берегись автомобиля,"1966, 94 мин.",СССР • криминал  Режиссёр: Эльдар Рязанов,"В ролях: Иннокентий Смоктуновский, Олег Ефремов"
"Ирония судьбы, или С легким паром!","1975, 184 мин.",СССР • мелодрама  Режиссёр: Эльдар Рязанов,"В ролях: Андрей Мягков, Барбара Брыльска"
Реквием по мечте,"Requiem for a Dream, 2000, 102 мин.",США • драма  Режиссёр: Даррен Аронофски,"В ролях: Джаред Лето, Марлон Уайанс"
Мумия,"The Mummy, 1999, 124 мин.",США • фэнтези  Режиссёр: Стивен Соммерс,"В ролях: Брендан Фрейзер, Рэйчел Вайс"
Полосатый рейс,"1961, 87 мин.",СССР • комедия  Режиссёр: Владимир Фетин,"В ролях: Алексей Грибов, Иван Дмитриев"
